{
  "version": 1,
  "feature_names": [
    "order_subtotal",
    "shipping_fee",
    "tax_amount",
    "order_total",
    "promo_used",
    "zip_mismatch",
    "payment_bank",
    "payment_card",
    "payment_paypal",
    "payment_crypto",
    "device_desktop",
    "device_tablet",
    "device_mobile",
    "country_BR",
    "country_CA",
    "country_GB",
    "country_IN",
    "country_NG",
    "country_US",
    "state_AZ",
    "state_CA",
    "state_CO",
    "state_FL",
    "state_GA",
    "state_IL",
    "state_MA",
    "state_MI",
    "state_NC",
    "state_NJ",
    "state_NY",
    "state_OH",
    "state_OR",
    "state_PA",
    "state_TX",
    "state_UT",
    "state_VA",
    "state_WA"
  ],
  "shipping_states": [
    "AZ",
    "CA",
    "CO",
    "FL",
    "GA",
    "IL",
    "MA",
    "MI",
    "NC",
    "NJ",
    "NY",
    "OH",
    "OR",
    "PA",
    "TX",
    "UT",
    "VA",
    "WA"
  ],
  "payment_methods": [
    "bank",
    "card",
    "paypal",
    "crypto"
  ],
  "device_types": [
    "desktop",
    "tablet",
    "mobile"
  ],
  "ip_countries": [
    "BR",
    "CA",
    "GB",
    "IN",
    "NG",
    "US"
  ],
  "scaler_mean": [
    384.49848533333324,
    9.7149946666668,
    27.708832000000058,
    421.9223120000005,
    0.2536,
    0.0816,
    0.144,
    0.6338666666666667,
    0.20426666666666668,
    0.017866666666666666,
    0.3794666666666667,
    0.0728,
    0.5477333333333333,
    0.008266666666666667,
    0.042133333333333335,
    0.02,
    0.019466666666666667,
    0.008266666666666667,
    0.9018666666666667,
    0.05706666666666667,
    0.021066666666666668,
    0.3453333333333333,
    0.0504,
    0.021333333333333333,
    0.047733333333333336,
    0.010133333333333333,
    0.076,
    0.064,
    0.010933333333333333,
    0.0288,
    0.07706666666666667,
    0.021066666666666668,
    0.030133333333333335,
    0.06666666666666667,
    0.0288,
    0.0096,
    0.03386666666666667
  ],
  "scaler_scale": [
    284.4831660183762,
    5.085964229783627,
    21.394107033381317,
    305.61386101787775,
    0.4350713045007801,
    0.27375434243131774,
    0.3510897321198648,
    0.4817465262516856,
    0.40316472508834283,
    0.13246678409657872,
    0.4852542792758847,
    0.2598079290552869,
    0.49771631366562763,
    0.09054462374369979,
    0.20089329395366695,
    0.13999999999999774,
    0.13815829890222056,
    0.09054462374370091,
    0.2974948440262927,
    0.23196995974095094,
    0.14360662318368864,
    0.4754768366831591,
    0.2187689191818569,
    0.14449298329753144,
    0.21320145924036818,
    0.10015312720474168,
    0.2649981132008286,
    0.24475293665245745,
    0.10398940116932785,
    0.1672440133457712,
    0.2666971982521749,
    0.1436066231836886,
    0.170954132899891,
    0.24944382578491828,
    0.16724401334577205,
    0.0975081535052351,
    0.18088591862152983
  ],
  "coef": [
    0.471884271064205,
    -0.035553470151838025,
    -0.10007321216207389,
    0.43166016848069466,
    0.006693427604951465,
    0.37806663539357177,
    -0.046655314316750095,
    0.04101533797939014,
    -0.041569291880591136,
    0.10101005648498981,
    -0.049838474520949576,
    0.056352698687358434,
    0.01917448721129399,
    -0.06181478723246718,
    0.03190106511902274,
    -0.02644171746397786,
    0.07420533542252389,
    0.06838640116331916,
    -0.04556037558902999,
    -0.14972170319824846,
    -0.09153227526859985,
    0.3575507962422496,
    -0.01548992929714676,
    0.018166123603428775,
    -0.14495188531999034,
    -0.051641319961744904,
    -0.058624245317018174,
    -0.023738075134292325,
    -0.5421224930904273,
    -0.05481362890418661,
    -0.026915223871298792,
    0.008823008484659518,
    0.05331203118552354,
    0.03712334710988284,
    0.05192762492217553,
    0.017877522462800364,
    -0.11772562390334361
  ],
  "intercept": -0.4496590594458142
}